{
    "Version": "2019-10-30",
    "StartAction": "749b9657-3be1-4193-a44c-94dfa2639b11",
    "Metadata": {
        "entryPointPosition": {
            "x": -189.60000000000002,
            "y": 62.400000000000006
        },
        "ActionMetadata": {
            "cdf40ecb-f0e9-49cd-9cd6-847ae2862661": {
                "position": {
                    "x": 1219.2,
                    "y": 333.6
                }
            },
            "eb9465ab-f042-48c0-9efb-ef01cc76e0c3": {
                "position": {
                    "x": 738.4000000000001,
                    "y": 331.20000000000005
                }
            },
            "b1fecb61-d36e-4881-a105-9503acc4db1c": {
                "position": {
                    "x": 531.2,
                    "y": 301.6
                }
            },
            "4ad41ce9-98e2-44e3-8067-35bd6a8b05e7": {
                "position": {
                    "x": 889.6,
                    "y": -12
                }
            },
            "245302aa-71ef-41e1-89c4-f1bf77e844f2": {
                "position": {
                    "x": 1000.8000000000001,
                    "y": 321.6
                },
                "conditionMetadata": [
                    {
                        "id": "96276d81-dd1e-4a88-8068-ea8bab21caab",
                        "value": "1"
                    }
                ]
            },
            "a39db972-5a5e-4f80-9f82-02598aa02030": {
                "position": {
                    "x": 111.2,
                    "y": 237.60000000000002
                },
                "conditionMetadata": [
                    {
                        "id": "6b3bab67-91e8-450b-8a90-d3d34193d24c",
                        "value": "1"
                    },
                    {
                        "id": "e609c546-f28c-4c4b-84f4-c444e80c8491",
                        "value": "2"
                    }
                ]
            },
            "8dc29078-f234-40b6-a527-2412e82659d7": {
                "position": {
                    "x": 397.6,
                    "y": 487.20000000000005
                }
            },
            "9ff0251a-5230-45a6-91e8-ea6782516501": {
                "position": {
                    "x": 679.2,
                    "y": 502.40000000000003
                }
            },
            "36eab42f-9bdd-47fe-8c67-5ca29553e601": {
                "position": {
                    "x": 105.60000000000001,
                    "y": -140
                },
                "dynamicParams": []
            },
            "79a0e661-a49a-4e6f-9e5c-c1464ba2e12f": {
                "position": {
                    "x": 632.8000000000001,
                    "y": 20.8
                },
                "overrideConsoleVoice": false
            },
            "54a4ec0e-94c5-419a-935b-8a3132646748": {
                "position": {
                    "x": 1194.4,
                    "y": 206.4
                }
            },
            "749b9657-3be1-4193-a44c-94dfa2639b11": {
                "position": {
                    "x": -36,
                    "y": 38.400000000000006
                }
            },
            "17cbdd6a-16cb-4a3a-b80e-bdea164f7df8": {
                "position": {
                    "x": 395.20000000000005,
                    "y": -4.800000000000001
                },
                "parameters": {
                    "QueueId": {
                        "useDynamic": true
                    }
                },
                "useDynamic": true
            }
        },
        "name": "SampleUDARN",
        "description": "Sample Contact Center flow",
        "type": "contactFlow",
        "status": "published",
        "hash": {}
    },
    "Actions": [
        {
            "Parameters": {
                "Text": "Thanks. Expect a call from us shortly"
            },
            "Identifier": "cdf40ecb-f0e9-49cd-9cd6-847ae2862661",
            "Type": "MessageParticipant",
            "Transitions": {
                "NextAction": "54a4ec0e-94c5-419a-935b-8a3132646748",
                "Errors": [
                    {
                        "NextAction": "54a4ec0e-94c5-419a-935b-8a3132646748",
                        "ErrorType": "NoMatchingError"
                    }
                ]
            }
        },
        {
            "Parameters": {
                "Text": "Please choose an Option"
            },
            "Identifier": "eb9465ab-f042-48c0-9efb-ef01cc76e0c3",
            "Type": "MessageParticipant",
            "Transitions": {
                "NextAction": "a39db972-5a5e-4f80-9f82-02598aa02030",
                "Errors": [
                    {
                        "NextAction": "54a4ec0e-94c5-419a-935b-8a3132646748",
                        "ErrorType": "NoMatchingError"
                    }
                ]
            }
        },
        {
            "Parameters": {
                "Text": "You want to talk to an support person. Let me transfer you."
            },
            "Identifier": "b1fecb61-d36e-4881-a105-9503acc4db1c",
            "Type": "MessageParticipant",
            "Transitions": {
                "NextAction": "245302aa-71ef-41e1-89c4-f1bf77e844f2",
                "Errors": [
                    {
                        "NextAction": "54a4ec0e-94c5-419a-935b-8a3132646748",
                        "ErrorType": "NoMatchingError"
                    }
                ]
            }
        },
        {
            "Parameters": {
                "Text": "Thanks for choosing American Airlines. Please be advised that your call may be monitored or recorded for quality services."
            },
            "Identifier": "4ad41ce9-98e2-44e3-8067-35bd6a8b05e7",
            "Type": "MessageParticipant",
            "Transitions": {
                "NextAction": "a39db972-5a5e-4f80-9f82-02598aa02030",
                "Errors": [
                    {
                        "NextAction": "54a4ec0e-94c5-419a-935b-8a3132646748",
                        "ErrorType": "NoMatchingError"
                    }
                ]
            }
        },
        {
            "Parameters": {
                "StoreInput": "False",
                "InputTimeLimitSeconds": "10",
                "Text": "All our agents are currently assisting other customer. You can stay on the call or press one to get a call back."
            },
            "Identifier": "245302aa-71ef-41e1-89c4-f1bf77e844f2",
            "Type": "GetParticipantInput",
            "Transitions": {
                "NextAction": "cdf40ecb-f0e9-49cd-9cd6-847ae2862661",
                "Conditions": [
                    {
                        "NextAction": "cdf40ecb-f0e9-49cd-9cd6-847ae2862661",
                        "Condition": {
                            "Operator": "Equals",
                            "Operands": [
                                "1"
                            ]
                        }
                    }
                ],
                "Errors": [
                    {
                        "NextAction": "54a4ec0e-94c5-419a-935b-8a3132646748",
                        "ErrorType": "InputTimeLimitExceeded"
                    },
                    {
                        "NextAction": "cdf40ecb-f0e9-49cd-9cd6-847ae2862661",
                        "ErrorType": "NoMatchingCondition"
                    },
                    {
                        "NextAction": "54a4ec0e-94c5-419a-935b-8a3132646748",
                        "ErrorType": "NoMatchingError"
                    }
                ]
            }
        },
        {
            "Parameters": {
                "StoreInput": "False",
                "InputTimeLimitSeconds": "5",
                "Text": "Press 1 for New Reservations.\n2 for Baggage."
            },
            "Identifier": "a39db972-5a5e-4f80-9f82-02598aa02030",
            "Type": "GetParticipantInput",